City,Name,Location,Rating
Skopje,Parking,Кеј 13-ти Ноември 8,"5,0"
Skopje,Паркинг на град Скопје,Булевар Илинден 89,"3,0"
Skopje,Гаража за паркирање,Митрополит Теодосиј Гoлоганов 51,"4,7"
Skopje,Паркинг „Нова Македонија“,Св. Кирил и Методиj 52,"3,0"
Skopje,Паркинг „МОБ“,"Centar, Skopje","5,0"
Skopje,Паркинг,Unnamed Road Skopje 1000,"3,3"
Skopje,Катна Гаража Макоил,Св. Климент Охридски,"4,0"
Skopje,Катна гаража Филип Втори Македонски,Not known location,"4,0"
Skopje,Паркинг Пошта на Северна Македонија,Not known location,"2,6"
Skopje,Mitropolit Teodosij Gologanov 36 Garage,Mitropolit Teodosij Gologanov 36,"1,0"
Skopje,Parking Centar,"Unnamed Road, Skopje 1000","3,7"
Skopje,авто Паркинг,Not known location,"3,6"
Skopje,ЈП Паркинзи на општина Центар,Булевар Гоце Делчев 14,"4,0"
Skopje,Катна гаража „Судска палата”,Булевар Гоце Делчев 14,"4,1"
Skopje,Систина паркинг,Not known location,"3,8"
Skopje,Паркинг бул. Кочо Рацин,Not known location,Not known rating
Skopje,Разловечко востание,Мирче Ацев 2,Not known rating
Skopje,Смилевски конгрес,11-ти Март,Not known rating
Skopje,Катна Гаража Илинден (Бисер),Not known location,Not known rating
Skopje,паркинг Кеј,Not known location,Not known rating
Skopje,Катна гаража „Судска палата”,Булевар Гоце Делчев 14,"1,0"
Skopje,Parking 106,Јане Сандански,"3,8"
Skopje,Parking Pedagoshka,"Булевар 8-ми Септември 10, Skopje 1000","3,7"
Skopje,Паркинг ТЦ Буњаковец,Not known location,"3,3"
Skopje,Катна гаража Филип Втори Македонски,Not known location,"4,4"
Skopje,Паркинг Континентал,Not known location,"3,3"
Skopje,паркинг Лептокарија,Not known location,"4,0"
Skopje,Разловечко востание,Мирче Ацев 2,Not known rating
Skopje,Katna garazha,Св. Кирил и Методиj 5,"2,3"
Skopje,паркинг Кеј,Not known location,"3,4"
Skopje,Паркинг „Градски парк“,Not known location,"5,0"
Skopje,Паркинг Рамстор,Not known location,"3,5"
Skopje,Cyril and Methodius,Blvd Macedonia,"1,0"
Skopje,Паркинг „МТВ“,Not known location,Not known rating
Skopje,Паркинг,Not known location,"5,0"
Skopje,Паркинг градежен,Not known location,"4,0"
Skopje,Kosturski Heroi Parking,Kosturski Heroi,Not known rating
Skopje,Parking Zoil,Чаир,"4,1"
Skopje,Паркинг,"Gigo Mihajlovski 10, Skopje 1000",Not known rating
Skopje,Смилевски конгрес,11-ти Март,Not known rating
Skopje,Паркинг Градска болница,11-ти Октомври 18,"2,8"
Skopje,Паркинг „МОБ“,"Centar, Skopje","3,0"
Skopje,Паркинг Хотел Русија,Not known location,"5,0"
Skopje,Зона Д на градски паркинг,Булевар Јане Сандански 35,Not known rating
Skopje,авто Паркинг,Not known location,"4,0"
Skopje,паркинг Треска,Митрополит Теодосиј Гoлоганов 42,"5,0"
Skopje,Паркинг Скопје Цитаделата,Not known location,"3,0"
Skopje,Indoor parking,Not known location,Not known rating
Skopje,Паркинг Клинички центар,Not known location,"2,0"
Skopje,Parkiraliste Treska,"Naroden Front 31, Skopje 1000","5,0"
Skopje,Vladimir Polezanovski Road Garage,улица Владимир Полежановски,"4,0"
Skopje,паркинг АМСМ,Not known location,"5,0"
Skopje,Паркинг Александар Палас,"Булевар 8-ми Септември 10, Skopje 1000","5,0"
Skopje,Паркинг Зебра,Васил Ѓоргов 21,"4,3"
Skopje,Ulica,Not known location,"4,8"
Skopje,Паркинг СЦ Јане Сандански,Not known location,"5,0"
Skopje,Parking Gradeznici,Мито Хаџивасилев Јасмин 8,Not known rating
Skopje,Паркинг на амбасадата на САД,Not known location,"4,0"
Skopje,паркинг Антико,Булевар Партизански Одреди 88,Not known rating
Skopje,Паркинг МВР Пролет,Not known location,Not known rating
Skopje,Паркинг на УКИМ,Not known location,"4,7"
Skopje,Паркинг на ПМФ,"Архимедова 3, Скопје 1000",Not known rating
Skopje,Паркинг „Судска палата”,Not known location,Not known rating
Skopje,паркинг Универзална,Not known location,"3,9"
Skopje,Bus station Skopje,ул. Никола Карев 20,"3,4"
Skopje,Беко,Даме Груев 12,"3,4"
Skopje,Паркинг Универзитетска клиника,"Центар, Скопје",Not known rating
Skopje,Паркинг Зелениот пазар,Not known location,"4,0"
Skopje,Parking Lot,Not known location,Not known rating
Skopje,Паркинг Пластичарска,Not known location,"3,6"
Skopje,Паркинг Пазар Ѓорче Петров,Not known location,"3,2"
Skopje,Паркинг Алуминка,Булевар Партизански Одреди 106,"4,0"
Skopje,паркинг НБМ,Not known location,Not known rating
Skopje,Паркинг СЈО,Франклин Рузвелт 34,"3,0"
Skopje,Солунски конгрес,Not known location,"3,0"
Skopje,Parking „Bucharest“,Not known location,Not known rating
Skopje,Train station Skopje,Бојмија 4,"3,7"
Skopje,POC parking lot,"Cico Popovikj 9, Skopje 1000",Not known rating
Skopje,Parking Pazarche Taftalidze,Московска 22,Not known rating
Skopje,паркинг МВР,Not known location,"2,9"
Skopje,ПОЦ Паркинг,"Chair, Skopje",Not known rating
Skopje,паркинг Олимпико,Not known location,"5,0"
Skopje,Паркинг Сити Мол,Not known location,"3,7"
Skopje,Паркинг во СРЦ Кале Север,Лазар Личеноски,Not known rating
Skopje,Паркинг Тојота,Not known location,"3,0"
Skopje,Паркинг Мак Кар,Скупи 1,Not known rating
Skopje,Parking Ministerstvo za ekonomija,Jurij Gagarin 17,"3,0"
Skopje,паркинг МПЦ,Not known location,"5,0"
Skopje,Паркинг АБЦ,Булевар Илинден 93,"3,0"
Skopje,Паркинг Економски институт,Not known location,"1,0"
Skopje,"Parking Beverly Hills, underground, Skopje,","Centar, Skopje",Not known rating
Skopje,Воена болница,Not known location,"3,7"
Skopje,Влез на паркинг,Not known location,"3,0"
Skopje,Паркинг во СРЦ Кале Југ,Not known location,Not known rating
Skopje,Паркинг Електро,2,Not known rating
Skopje,Паркинг Технолошки,2,"4,0"
Skopje,Паркинг Веро Џамбо,Not known location,"4,5"
Skopje,паркинг Хубо,Скупи 1,"4,2"
Skopje,Долно Водно Паркинг,Not known location,"4,5"
Skopje,Паркинг Кореа Ауто трговија,Скупи 47,Not known rating
Skopje,Parking,Бутелска no. 40,"4,0"
Skopje,Главна каса,"Белградска 64, Скопје 1000","5,0"
Skopje,Паркинг на зоолошката градина,Булевар Илинден 89,"3,9"
Skopje,Кресненско востание,Булевар Македонија,"4,1"
Skopje,Подземен паркинг,"Stiv Naumov 7, Skopie 1000",Not known rating
Skopje,Паркинг Драмски Театар,Not known location,"3,4"
Skopje,Паркинг Министерство за одбрана,Not known location,"3,8"
Skopje,Дрводекор,Кеј 13-ти Ноември 6,"4,1"
Skopje,Link Logistik N&N,"MK, Марк Твен","4,1"
Skopje,Parking,"Icering, Булевар Илинден","5,0"
Skopje,Мида,"MK, Булевар 8-ми Септември br. 18","5,0"
Skopje,Станбен паркинг Топанско Поле,1000,"3,7"
Skopje,Restoran Garden,Булевар Илинден,"3,7"
Skopje,Паркинг факултет ПЕС,"Димче Мирчев, Димче Мирчев",Not known rating
Skopje,Велоштад,Nikola Karev 22,Not known rating
Skopje,Паркинг на аеродромот Александар Велики,Not known location,"4,0"
Skopje,Скопје Сити Мол,Љубљанска 4,"4,4"
Skopje,Тинекс дисконт,Not known location,"4,0"
Skopje,ШТУЗ,Not known location,"3,6"
Skopje,Grand Prestige Home,Митрополит Теодосиј Гoлоганов 98,"4,2"
Skopje,Канет,Not known location,"3,9"
Skopje,Ибис,Not known location,"4,3"
Skopje,Сити Парк,Not known location,"4,5"
Skopje,Олимпико,"MK, Булевар 8-ми Септември no. 38","4,5"
Skopje,Градски трговски центар Скопје,Kej 13 Noemvri,"4,1"
Skopje,Техномаркет Стадион,Аминта трети,"4,3"
Skopje,Tidea,Перо Наков 108a,"4,5"
Skopje,Веро Аеродром,Not known location,"4,2"
Skopje,Меркур Македонија,"Булевар Александар Македонски 12, 1000","4,4"
Skopje,Картинг Центар,Not known location,"4,2"
Skopje,Холидеј Ин Скопје,Not known location,"4,3"
Skopje,Тинекс 7,Not known location,"3,7"
Skopje,Трговски центар Рамстор,SS Cyril and Methodius 13,"4,3"
Skopje,Меѓународен аеродром Скопје,"MK, Автопат „Александар Македонски","3,9"
Bitola,Паркинг зад Технички факултет,Not known location,"3,9"
Bitola,Градски Парк,Not known location,"4,3"
Ohrid,Паркинг Долни Сарај,Григор Прличев,"4,7"
Ohrid,Parking Pristanishte,Not known location,"2,7"
Ohrid,Parking,Kuzman Josifovski,"5,0"
Ohrid,Паркинг Горица 3,Р1301,"2,8"
Ohrid,Паркинг К. Јосифоски,Kuzman Josifovski,"3,5"
Ohrid,Parking Area Besjani,MK,"3,5"
Ohrid,Автобуска станица Охрид,Веле Марков 9,"4,9"
Ohrid,Parking,R1208,"5,0"
Ohrid,Паркинг во Заливот на коските,Р501,"4,2"
Ohrid,Public Parking Place,Not known location,"4,2"
Ohrid,Parking Gorna dzamija,"Мехмет Али Паша, Плоштад","5,0"
Ohrid,Villa Sofija,Not known location,"3,4"
Ohrid,Ramstore Express,Jane Sandanski 98,Not known rating
Ohrid,Tinex,"bb, 7-ми Ноември",Not known rating
Ohrid,Sixt rent a car Ohrid/Hotel Aleksandrija,"MK, Kosta Abrash",Not known rating
Ohrid,St. Paul the Apostle Airport,P.FAH 134 6000 MK,Not known rating
Struga,Паркинг за автомобили,Григор Прличев,"4,7"
Struga,Паркинг Хотел Дрим,Not known location,"2,7"
Struga,Parking,Kuzman Josifovski,"5,0"
Struga,Parking gradski grobista,Р1301,"2,8"
Struga,Parking,Kuzman Josifovski,"3,5"
Struga,Parking,MK,"3,5"
Struga,Parking Area Besjani,Веле Марков 9,"4,9"
Struga,Автобуска станица Струга,R1208,"5,0"
Struga,Паркинг Градска Болница,Р501,"4,2"
Struga,Паркинг Пливалиште,Not known location,"4,2"
Struga,Ohd,"Мехмет Али Паша, Плоштад","5,0"
Struga,Euro Bus Velesta,Not known location,"3,4"
Struga,Хотел Изгрев паркинг,Jane Sandanski 98,Not known rating
Tetovo,Teleferiku Free Lot Parking,Not known location,"4,0"
Tetovo,Palma Mall Free Parking Lot,Not known location,"4,6"
Tetovo,JU-SM Parking,Not known location,"3,7"
Tetovo,Плати паркинг,Not known location,"5,0"
Tetovo,Parking Te Edoni,R1206,"5,0"
Tetovo,Parking Place,Not known location,"4,7"
Tetovo,Паркинг зона,"198, Skopie 1000","4,8"
Tetovo,Паркинг „Нова Македонија“,Св. Кирил и Методиj 52,"2,6"
Tetovo,Mercure Tetovo,Not known location,"5,0"
Tetovo,ЈП Паркинзи на општина Центар,Булевар Гоце Делчев 14,"5,0"
Tetovo,паркинг АМСМ,Not known location,Not known rating
Tetovo,SESAHR PARKING,33-37 Mbreti Zog,Not known rating
Veles,Parking,Not known location,"4,0"
Veles,Sportski Centar BUDO - Veles,Not known location,"4,6"
Veles,Паркинг Пред Пошта Драчево,Not known location,"3,7"
Veles,Bus station Veles,Not known location,"5,0"
Kumanovo,Паркинг Соколана,Куманово,"3,5"
Kumanovo,ШТУЗ,Not known location,"3,6"
Prilep,Parking,Прилеп,"2,7"
Prilep,Нова автобуска станица - Прилеп,Прилеп,"2,8"
Prilep,Avtobuska Stanica Prilep,Прилеп,"3,9"
Gostivar,Free Lot Parking ETC,Not known location,"4,6"
Gostivar,јавниот простор за паркирање,Not known location,"3,0"
Kicevo,Parking 4,Not known location,"2,0"
Kicevo,Public Free Parking 2,Булевар Ослободување 17,"5,0"
Kicevo,Public Parking 3,Маршал Тито 60,"4,6"
Kicevo,Paid Parking,Boulevard Osloboduvanje 1,"3,8"
Kicevo,Public Free Parking 1,"6250, Рудничка 2","3,0"
Kicevo,Train station Kichevo,Булевар Ослобудавање,"5,0"
Kicevo,Grobista Parkplatz,Unnamed Road,"4,7"
Kicevo,Skolo Parkplatz,Unnamed Road,Not known rating
Kicevo,Sred Selo Parkplatz,Unnamed Road,Not known rating
Kicevo,Galichki Pat Parking,Galichki Pat,Not known rating
Kicevo,Pitran Parkplatz,Unnamed Road,Not known rating
Kicevo,Free Lot Parking ETC,Not known location,Not known rating
Kicevo,Автобуска Станица Кичево,Булевар Ослободување b.b.,Not known rating
Kicevo,Parkplatz,Unnamed Road,Not known rating
Kicevo,Dzamija Parkplatz,Not known location,Not known rating
Kicevo,јавниот простор за паркирање,Not known location,Not known rating
Kicevo,Old Road To Krushevo Parking,Old Road To Krushevo,Not known rating
Kicevo,Parkplatz,R1303,Not known rating
Kicevo,Parking zone,"18-ti Noemvri 2, Gostivar 1230",Not known rating
Kicevo,Ски одморалиште Паркиралиште,Not known location,Not known rating
Kochani,Паркинг,Not known location,"2,0"
Kochani,Паркинг,Булевар Ослободување 17,"5,0"
Kochani,Паркинг,Маршал Тито 60,"4,6"
Kochani,Паркинг,Boulevard Osloboduvanje 1,"3,8"
Kochani,Паркинг,"6250, Рудничка 2","3,0"
Kochani,Public Parking,Булевар Ослобудавање,"5,0"
Kochani,Parking Platforma,Unnamed Road,"4,7"
Kochani,Parking Dulje,Unnamed Road,Not known rating
Kochani,Parking Zendolino,Unnamed Road,Not known rating
Kochani,Parking Dom na kultura,Galichki Pat,Not known rating
Kochani,Parking Mavis,Unnamed Road,Not known rating
Kochani,Parking Kit-go,Not known location,Not known rating
Kochani,Parking,Булевар Ослободување b.b.,Not known rating
Kochani,Parking Elkos,Unnamed Road,Not known rating
Kochani,Parking Neptun,Not known location,Not known rating
Kochani,Parking Zeleni Zgradi,Not known location,Not known rating
Kochani,Parking Gradinka Astibo,Old Road To Krushevo,Not known rating
Kochani,Free Parking,R1303,Not known rating
Kochani,Кисела вода,"18-ti Noemvri 2, Gostivar 1230",Not known rating
Kochani,Parking Kampus 4,Not known location,Not known rating
Kochani,Parking Stadion,Штип,Not known rating
Kochani,Parking Hotel Oaza,Штип,Not known rating
Kochani,Parking Makptomet,Штип,Not known rating
Kochani,Parking 5-ta Partiska,Штип,Not known rating
Kochani,Parking Pozarna,Штип,"3,8"
Kochani,Parking Park 8-mi Noemvri,Штип,"4,2"
Kochani,Автоуска станица Штип,Ilinden,Not known rating
Kochani,Parking Campus 2,"UGD Campus 2, Shtip 2000",Not known rating
Kochani,Parking Angels Caffe,Штип,Not known rating
Kochani,Bus station Probishtip,Ilinden,Not known rating
Kochani,Parking Makpetrol Tri Cesmi,Not known location,Not known rating
Kochani,Parking Pazar,Штип,Not known rating
Kochani,Parking Avtobuska Stanica,Штип,Not known rating
Kochani,Shilec magacin,Not known location,Not known rating
Kochani,Паркинг Железничка станица Штип,Ilinden,Not known rating
Kochani,Parking Klinicka Bolnica,Штип,Not known rating
Kochani,Parking,Штип,Not known rating
Kochani,Setec Kocani,Кочани,Not known rating
Kochani,Автобуска Станица.. Автоперална Станке,Not known location,Not known rating
Radovis,Global Parking,Штип,Not known rating
Radovis,Taksi Flesh,Штип,Not known rating
Radovis,ЈП„ПЛАВАЈА“,Штип,Not known rating
Radovis,Bus station Skopje,Штип,Not known rating
Radovis,Philips,Штип,"3,8"
Radovis,Хотел и Спа Бел Камен,Штип,"4,2"
Radovis,Јавно претпријатие за државни патишта на Република Македонија,Ilinden,Not known rating
Gevgelija,Гевгелија,Not known location,Not known rating
Kavadarci,Паркинг на болницата,Not known location,Not known rating
Kavadarci,Автобуска Станица Кавадарци,"Шишка b.b., Кавадарци 1430","4,2"
Kavadarci,Parking,Булевар Кочо Рацин BB,"3,6"
Kavadarci,„Динако Шпед“,"White Stone 11, Kavadartsi 1430",Not known rating
Debar,Parking,Not known location,Not known rating
Debar,Galichki Pat Parking,"Шишка b.b., Кавадарци 1430","4,2"
Debar,Free Lot Parking ETC,Булевар Кочо Рацин BB,"3,6"
Debar,јавниот простор за паркирање,"White Stone 11, Kavadartsi 1430",Not known rating
Debar,Parking 4,Јане Сандански 2,Not known rating
Debar,Public Free Parking 2,Not known location,"3,0"
Debar,Paid Parking,Galichki Pat,"4,6"
Debar,Parking Area,Not known location,"3,0"
Debar,Ски одморалиште Паркиралиште,Not known location,"2,0"
Debar,Public Parking 3,Not known location,"4,7"
Debar,Public Free Parking 1,Булевар Ослободување 17,"4,0"
Debar,Венец,Boulevard Osloboduvanje 1,"5,0"
Debar,Train station Kichevo,Спортско игралиште Жировница,"2,3"
Debar,Pitran Parkplatz,Not known location,"4,0"
Debar,Grobista Parkplatz,Маршал Тито 60,Not known rating
Debar,Skolo Parkplatz,"6250, Рудничка 2",Not known rating
Debar,Sred Selo Parkplatz,Not known location,Not known rating
Debar,Dzamija Parkplatz,Булевар Ослобудавање,Not known rating
Debar,Паркинг „Градски парк“,Unnamed Road,Not known rating
Debar,Горно Поле,Unnamed Road,Not known rating
Debar,Паркинг СЈО,Скопје,"3,0"
Debar,Паркинг „Нова Македонија“,Скопје,"4,7"
Debar,Kam Market,Not known location,"4,2"
Debar,Parking Zoil,Скопје,"4,0"
Debar,Паркинг на град Скопје,Скопје,"3,0"
Debar,ЈП Паркинзи на општина Центар,Скопје,"2,6"
Krusevo,Old Road To Krushevo Parking,Скопје,"3,0"
Krusevo,Паркинг Скорпион,Скопје,"4,7"
Krusevo,Паркинг,Not known location,"4,2"
Krusevo,Parking 4,Скопје,"4,0"
Krusevo,Paid Parking,Скопје,"3,0"
Krusevo,Public Parking 3,Скопје,"2,6"
Krusevo,Parkplatz,Ohrid,"5,0"
Krusevo,Pitran Parkplatz,Krushevitsa,"1,0"
Krusevo,Public Free Parking 1,Not known location,"5,0"
Krusevo,Public Free Parking 2,Not known location,"2,0"
Krusevo,Train station Kichevo,Кичево,"5,0"
Krusevo,Dzamija Parkplatz,Кичево,"4,0"
Krusevo,Parkplatz,Unnamed Road,Not known rating
Krusevo,Sred Selo Parkplatz,Unnamed Road,Not known rating
Krusevo,Skolo Parkplatz,Кичево,Not known rating
Krusevo,Grobista Parkplatz,Кичево,Not known rating
Krusevo,Горно Поле,Ohrid,Not known rating
Stip,Parking Elkos,Штип,"3,8"
Stip,Parking Avtobuska Stanica,Штип,Not known rating
Stip,Public Parking,Not known location,Not known rating
Stip,Автоуска станица Штип,Ilinden,Not known rating
Stip,Parking,Not known location,Not known rating
Stip,Parking Zendolino,Штип,Not known rating
Stip,Parking Kit-go,Штип,Not known rating
Stip,Parking Pozarna,Штип,Not known rating
Stip,Parking Platforma,Штип,Not known rating
Stip,Parking Park 8-mi Noemvri,Штип,Not known rating
Stip,Parking Dulje,Штип,Not known rating
Stip,Паркинг Железничка станица Штип,Ilinden,Not known rating
Stip,Parking Angels Caffe,Штип,Not known rating
Stip,Parking Dom na kultura,Штип,Not known rating
Stip,Parking Mavis,"Bulevar Goce Delcev 97, Shtip 2000",Not known rating
Stip,Parking Hotel Oaza,Штип,Not known rating
Stip,Parking Neptun,Штип,Not known rating
Stip,Parking Gradinka Astibo,Штип,Not known rating
Stip,Parking Stadion,Штип,Not known rating
Stip,Parking 5-ta Partiska,Штип,Not known rating
Stip,Parking Zeleni Zgradi,"Ante Banina 5, Shtip 2000",Not known rating
Stip,Parking Makptomet,Bregalnicka,"3,5"
Stip,Parking Campus 2,"UGD Campus 2, Shtip 2000","4,0"
Stip,Parking Pazar,"Sutjeska, Shtip 2000","3,0"
Stip,Parking Klinicka Bolnica,"Kozjak Planina 1, Komuna e Shtipit 2000","3,7"
Stip,Shilec magacin,Not known location,"4,4"
Stip,Parking Kampus 4,R1204,Not known rating
Stip,Parking,"5та Партиска Конференција, 5 Та Партиска ББ, Shtip 2000, Komuna e Shtipit 2000",Not known rating
Stip,Parking Makpetrol Tri Cesmi,Not known location,Not known rating
Stip,R1102 Parking,R1102,Not known rating
Stip,Паркинг,Тодосија Паунов,Not known rating
Stip,Паркинг,Not known location,Not known rating
Stip,Паркинг,Not known location,Not known rating
Stip,Паркинг,Not known location,Not known rating
Stip,Паркинг,Роза Петрова,Not known rating
Stip,Bismet Negotino,R1102,Not known rating
Kriva Palanka,Free Parking,"Ante Banina 5, Shtip 2000",Not known rating
Kriva Palanka,Bus station Probishtip,Bregalnicka,"3,5"
Kriva Palanka,Паркинг,"UGD Campus 2, Shtip 2000","4,0"
Kriva Palanka,Паркинг,"Sutjeska, Shtip 2000","3,0"
Kriva Palanka,Паркинг,"Kozjak Planina 1, Komuna e Shtipit 2000","3,7"
Kriva Palanka,Паркинг,Not known location,"4,4"
Kriva Palanka,Кисела вода,R1204,Not known rating
Kriva Palanka,Паркинг,"5та Партиска Конференција, 5 Та Партиска ББ, Shtip 2000, Komuna e Shtipit 2000",Not known rating
Kriva Palanka,Автобуска Станица.. Автоперална Станке,Not known location,Not known rating
Kriva Palanka,Автобуска станица,R1102,Not known rating
Kriva Palanka,Паркинг Зелениот пазар,Тодосија Паунов,Not known rating
Kriva Palanka,Кам Маркет,Not known location,Not known rating
Kriva Palanka,Noble House,Not known location,Not known rating
Kriva Palanka,Катна Гаража Макоил,Not known location,Not known rating
Kriva Palanka,Apartment KARADAK,Роза Петрова,Not known rating
Kriva Palanka,Смилевски конгрес,R1102,Not known rating
Kriva Palanka,Kompleks Trnovski Vetar,E871,"4,0"
Kriva Palanka,Парк Гиновци,Ilinden,"4,0"
Delcevo,Делчево,"Ante Banina 5, Shtip 2000",Not known rating
Demir Kapija,"Паркинг ,,Стар Ан""","Ante Banina 5, Shtip 2000",Not known rating
Demir Kapija,"Паркинг Центар, гаража",Bregalnicka,"3,5"
Demir Kapija,Паркинг Гимназија,"UGD Campus 2, Shtip 2000","4,0"
Demir Kapija,"Паркинг,,Нов Центар ""","Sutjeska, Shtip 2000","3,0"
Demir Kapija,Монтажен паркинг,"Kozjak Planina 1, Komuna e Shtipit 2000","3,7"
Demir Kapija,Паркинг,Not known location,"4,4"
Demir Kapija,R1102 Parking,R1204,Not known rating
Demir Kapija,Bismet Negotino,"5та Партиска Конференција, 5 Та Партиска ББ, Shtip 2000, Komuna e Shtipit 2000",Not known rating
Demir Kapija,Villa Bratislava,Not known location,Not known rating
Demir Kapija,Rock Land Camp,R1102,Not known rating
Demir Kapija,Canyon Demir Kapija,Тодосија Паунов,Not known rating
Demir Kapija,Akvatika Park,Not known location,Not known rating
Demir Kapija,Попова Кула,Not known location,Not known rating
Demir Kapija,Ловец,Not known location,Not known rating
Demir Kapija,Parking Lot,Роза Петрова,Not known rating
Demir Kapija,Смилевски конгрес,R1102,Not known rating
Demir Kapija,Bus station Skopje,E871,"4,0"
Demir Kapija,Gulf,Ilinden,"4,0"
Negotino,Bismet Negotino,"Ante Banina 5, Shtip 2000",Not known rating
Negotino,R1102 Parking,Bregalnicka,"3,5"
Negotino,"Паркинг,,Нов Центар ""","UGD Campus 2, Shtip 2000","4,0"
Negotino,"Паркинг Центар, гаража","Sutjeska, Shtip 2000","3,0"
Negotino,"Паркинг ,,Стар Ан""","Kozjak Planina 1, Komuna e Shtipit 2000","3,7"
Negotino,Паркинг,Not known location,"4,4"
Negotino,Паркинг Гимназија,R1204,Not known rating
Negotino,Монтажен паркинг,"5та Партиска Конференција, 5 Та Партиска ББ, Shtip 2000, Komuna e Shtipit 2000",Not known rating
Negotino,Parking Dom na kultura,Not known location,Not known rating
Negotino,Parking Zendolino,R1102,Not known rating
Negotino,Parking Neptun,Тодосија Паунов,Not known rating
Negotino,Public Parking,Not known location,Not known rating
Negotino,Parking Platforma,Not known location,Not known rating
Negotino,Parking Dulje,Not known location,Not known rating
Negotino,Parking Park 8-mi Noemvri,Роза Петрова,Not known rating
Negotino,Parking Avtobuska Stanica,R1102,Not known rating
Negotino,Shilec magacin,E871,"4,0"
Negotino,Parking Angels Caffe,Ilinden,"4,0"
Negotino,Parking Stadion,Not known location,"3,5"
Negotino,Parking Hotel Oaza,Not known location,"3,7"
Negotino,Parking Pazar,"Sutjeska, Shtip 2000",Not known rating
Negotino,Parking Pozarna,"Пиринска 75 D, Shtip 2000","3,8"
Negotino,Parking Klinicka Bolnica,"Kozjak Planina 1, Komuna e Shtipit 2000","3,7"
Negotino,Parking Campus 2,"UGD Campus 2, Shtip 2000",Not known rating
Negotino,Parking Makptomet,Bregalnicka,Not known rating
Negotino,Автоуска станица Штип,9-Ti Maj,Not known rating
Negotino,Parking Gradinka Astibo,Bregalnicka 2000,Not known rating
Negotino,Хотел Парк,Not known location,Not known rating
Vinica,Паркинг,"Sutjeska, Shtip 2000",Not known rating
Vinica,Паркинг,"Пиринска 75 D, Shtip 2000","3,8"
Vinica,Паркинг,"Kozjak Planina 1, Komuna e Shtipit 2000","3,7"
Vinica,Паркинг,"UGD Campus 2, Shtip 2000",Not known rating
Vinica,Паркинг,Bregalnicka,Not known rating
Vinica,Free Parking,9-Ti Maj,Not known rating
Vinica,Хотел Александар Парк,Bregalnicka 2000,Not known rating
Vinica,Агровин ДОО Виница - Трактори и земјоделска механизација,Not known location,Not known rating
Vinica,хотел Централ,Тодосија Паунов,"3,5"
Vinica,Паркинг Железничка станица Штип,Not known location,"4,0"
Vinica,Смилевски конгрес,Not known location,"3,7"
Vinica,Apartments Oska,Роза Петрова,"3,0"
Vinica,Bus station Skopje,Not known location,"4,0"
Vinica,Солунски конгрес,E871,"4,5"
Vinica,ЈП Паркинзи на општина Центар,Not known location,"4,4"
Vinica,Parkovisko pri cintoríne,R1304,"4,7"
Vinica,Parkovisko,Not known location,"4,1"
Berovo,Берово,"Sutjeska, Shtip 2000",Not known rating
Resen,Паркинг,"Sutjeska, Shtip 2000",Not known rating
Resen,Паркинг зад Општина,"Пиринска 75 D, Shtip 2000","3,8"
Resen,Parking Pristanishte,"Kozjak Planina 1, Komuna e Shtipit 2000","3,7"
Resen,Parking,"UGD Campus 2, Shtip 2000",Not known rating
Resen,Parking,Bregalnicka,Not known rating
Resen,Parking Kotva,9-Ti Maj,Not known rating
Resen,Otopark,Bregalnicka 2000,Not known rating
Resen,Ohd,Not known location,Not known rating
Resen,Паркинг Чинар,Тодосија Паунов,"3,5"
Resen,Parking,Not known location,"4,0"
Resen,Public Free Parking 2,Not known location,"3,7"
Resen,Паркинг Горна Порта,Роза Петрова,"3,0"
Resen,Паркинг Гранит,Not known location,"4,0"
Resen,паркинг Метропол,E871,"4,5"
Resen,Paid Parking,Not known location,"4,4"
Resen,Паркинг Бафало плажа,R1304,"4,7"
Resen,паркинг Белви,Not known location,"4,1"
Resen,Паркинг МВР,Veljko Vlahovic 1,"3,4"
Resen,Public Parking 3,11-ти Март,"3,0"
Resen,Паркинг Град Зелениот пазар,"MK, Marsal Tito b.b","2,6"
Resen,Parking 4,Not known location,"2,0"
Resen,Паркинг Долни Сарај,Охрид,"4,7"
Resen,Паркинг Горица 3,Охрид,"2,8"
Resen,паркинг Тино,Not known location,"4,0"
Resen,Паркинг Пошта,Охрид,"4,3"
Resen,ДОН Паркинг,Охрид,"4,0"
Resen,Parking Area Besjani,Струга,Not known rating
Resen,Public Free Parking 1,Кичево,Not known rating
Resen,Паркинг Градска болница,Not known location,"3,4"
Resen,Train station Kichevo,Ohrid,"5,0"
Resen,Parking,Охрид,Not known rating
Resen,Parkplatz,R1303,"3,6"
Resen,Паркинг Крст џамија,Охрид,"4,0"
Resen,Паркинг Инекс Горица,Охрид,"3,5"
Resen,Паркинг К. Јосифоски,Охрид,"3,7"
Resen,Паркинг Студентски дом,Not known location,Not known rating
Resen,Sred Selo Parkplatz,Lisichani,Not known rating
Resen,Skolo Parkplatz,Lisichani,"4,1"
Resen,Grobista Parkplatz,Lisichani,Not known rating
Resen,ЈП Билјанини Извори (Пазар),Охрид,Not known rating
Resen,Паркинг Свети Наум,Parking Saint Naum,"4,3"
Resen,Pitran Parkplatz,Unnamed Road,Not known rating
Resen,bus stop,"504 1, Lubanishti 6320",Not known rating
Resen,Dzamija Parkplatz,Not known location,Not known rating
Resen,Славија,Not known location,"3,7"
Resen,Паркинг во Заливот на коските,Р501,"4,9"
Resen,Горно Поле,Велмеј - Брежани,"4,0"
Probistip,Bus station Probishtip,Parking Saint Naum,"4,3"
Probistip,Кисела вода,Unnamed Road,Not known rating
Probistip,Parking,"504 1, Lubanishti 6320",Not known rating
Probistip,Паркинг,Not known location,Not known rating
Probistip,Parking Mavis,Not known location,"3,7"
Probistip,Parking Kit-go,Р501,"4,9"
Probistip,Паркинг,Велмеј - Брежани,"4,0"
Probistip,Паркинг,Ilinden,"3,0"
Probistip,Parking Elkos,Not known location,"3,5"
Probistip,Parking Kampus 4,Not known location,"4,0"
Probistip,Паркинг,Кочани,"3,0"
Probistip,Паркинг Цоцев камен,"Bulevar Goce Delcev 97, Shtip 2000","3,7"
Probistip,Parking Zeleni Zgradi,Штип,"4,0"
Probistip,Паркинг,Not known location,Not known rating
Probistip,Автобуска Станица.. Автоперална Станке,Not known location,Not known rating
Probistip,Parking Makpetrol Tri Cesmi,Штип,Not known rating
Probistip,Free Parking,Штип,Not known rating
Probistip,Паркинг Железничка станица Штип,Not known location,Not known rating
Probistip,Parking 5-ta Partiska,Not known location,Not known rating
Dojran,STAGE BEACH Parking,Parking Saint Naum,"4,3"
Dojran,Δημοτικό Πάρκινγκ Δοιράνης,Unnamed Road,Not known rating
Dojran,Train station Gevgelija,"504 1, Lubanishti 6320",Not known rating
Dojran,Global Parking,Not known location,Not known rating
Dojran,WIZARD GARAGE,Not known location,"3,7"
